id,first_name,last_name,email,gender,ip_address
1,Phillie,Corness,pcorness0@sfgate.com,Female,24.56.77.55
2,Perl,Glencross,pglencross1@de.vu,Female,92.123.227.128
3,Michaella,Bolduc,mbolduc2@people.com.cn,Female,247.187.50.200
4,Mart,Farnish,mfarnish3@hostgator.com,Male,195.248.53.132
5,Lura,Horsell,lhorsell4@oakley.com,Female,183.248.249.155
6,Angeli,Verick,averick5@tripod.com,Male,212.144.105.143
7,Thain,Lean,tlean6@mashable.com,Male,164.48.86.207
8,Caty,Robberts,crobberts7@friendfeed.com,Female,92.108.175.247
9,Dominica,Dewes,ddewes8@theguardian.com,Female,22.220.170.180
10,Faustine,Motton,fmotton9@list-manage.com,Female,212.116.37.200
11,De,Cozzi,dcozzia@hhs.gov,Female,157.29.79.224
12,Connor,Giveen,cgiveenb@senate.gov,Male,194.205.146.154
13,Sherry,Bister,sbisterc@google.com.au,Female,102.30.129.22
14,Sheppard,Ickovici,sickovicid@digg.com,Male,193.209.166.113
15,Meggie,Walder,mwaldere@usatoday.com,Female,212.0.248.225
16,Tiebout,Archbold,tarchboldf@google.co.jp,Male,185.151.217.224
17,Barbaraanne,Mawman,bmawmang@kickstarter.com,Non-binary,124.74.44.198
18,Garey,Kovelmann,gkovelmannh@jalbum.net,Male,203.120.51.31
19,Harwell,Demogeot,hdemogeoti@gizmodo.com,Male,84.56.166.203
20,Paige,Haistwell,phaistwellj@whitehouse.gov,Female,202.163.231.60
21,Bordy,Alexsandrovich,balexsandrovichk@miitbeian.gov.cn,Male,61.224.188.154
22,Noble,Fierman,nfiermanl@xrea.com,Male,28.64.218.236
23,Jewelle,Reuther,jreutherm@walmart.com,Female,196.81.247.11
24,Micky,MacDearmont,mmacdearmontn@aboutads.info,Female,170.179.102.243
25,Percival,Wigmore,pwigmoreo@webeden.co.uk,Male,49.84.246.82
26,Dodi,McNamara,dmcnamarap@ed.gov,Female,233.9.22.29
27,Barnard,Sellan,bsellanq@google.fr,Male,73.89.150.167
28,Ara,Putley,aputleyr@hud.gov,Bigender,41.137.55.226
29,Robers,Lethbury,rlethburys@edublogs.org,Male,45.85.47.149
30,Conni,Troyes,ctroyest@1688.com,Bigender,168.238.100.36
31,Andris,Callear,acallearu@dell.com,Male,3.149.212.229
32,Orion,Izachik,oizachikv@yellowbook.com,Genderqueer,87.83.228.228
33,Carroll,Murley,cmurleyw@artisteer.com,Male,59.14.169.38
34,Allys,Twoohy,atwoohyx@bbc.co.uk,Agender,97.187.163.252
35,Melodee,Eede,meedey@google.com.hk,Female,202.182.45.183
36,Pooh,Jakubovski,pjakubovskiz@oaic.gov.au,Female,91.11.184.193
37,Tildie,Gerrell,tgerrell10@cbsnews.com,Female,171.74.2.170
38,Cristabel,Mushet,cmushet11@bluehost.com,Non-binary,15.94.162.39
39,Lefty,Alessandrelli,lalessandrelli12@cyberchimps.com,Male,242.207.25.167
40,Phillis,Mea,pmea13@wordpress.com,Genderfluid,102.198.162.102
41,Alano,Selwyne,aselwyne14@i2i.jp,Male,99.238.151.18
42,Mateo,Durtnel,mdurtnel15@netvibes.com,Male,237.253.92.218
43,Randene,Laundon,rlaundon16@vimeo.com,Genderqueer,5.86.70.2
44,Gay,Plan,gplan17@tiny.cc,Female,154.227.186.222
45,Elsworth,Pachmann,epachmann18@comcast.net,Male,46.18.129.29
46,Sarajane,Broadbridge,sbroadbridge19@biblegateway.com,Genderfluid,120.142.168.4
47,Vevay,Orringe,vorringe1a@webeden.co.uk,Female,245.226.135.110
48,Walden,Lyptrade,wlyptrade1b@yellowpages.com,Male,66.157.238.209
49,Jarret,Vernau,jvernau1c@live.com,Bigender,101.15.227.21
50,Nedda,Nisard,nnisard1d@lulu.com,Female,107.251.211.217
51,Aprilette,Fookes,afookes1e@nih.gov,Female,203.52.133.208
52,Evelin,McCotter,emccotter1f@apache.org,Male,40.170.93.68
53,Normand,Broadberry,nbroadberry1g@huffingtonpost.com,Male,189.78.53.55
54,Jenilee,Valentine,jvalentine1h@economist.com,Female,155.238.63.193
55,Norry,Mation,nmation1i@tripadvisor.com,Male,105.46.207.30
56,Debbi,Tiler,dtiler1j@xrea.com,Genderfluid,98.139.165.129
57,Gunar,Chander,gchander1k@wsj.com,Male,233.40.238.157
58,Veradis,Bevans,vbevans1l@zdnet.com,Female,100.52.245.205
59,Catharina,Georg,cgeorg1m@t-online.de,Female,141.183.26.81
60,Dougie,Sheaf,dsheaf1n@newsvine.com,Male,20.33.17.32
61,Laureen,Vequaud,lvequaud1o@artisteer.com,Female,229.250.220.113
62,Liane,Ygo,lygo1p@joomla.org,Female,58.50.216.159
63,Vick,Lenormand,vlenormand1q@t.co,Male,205.118.231.65
64,Dill,Presnell,dpresnell1r@nationalgeographic.com,Male,92.46.12.107
65,Bartholemy,Wetwood,bwetwood1s@de.vu,Male,127.200.124.148
66,Johnathon,Instrell,jinstrell1t@reddit.com,Male,202.21.24.53
67,Dedra,Klehn,dklehn1u@businesswire.com,Female,154.4.120.174
68,Elisha,Wasson,ewasson1v@forbes.com,Male,29.34.172.81
69,Wilfrid,Simoncelli,wsimoncelli1w@time.com,Male,56.187.251.180
70,Kinnie,Greason,kgreason1x@fda.gov,Male,181.35.128.173
71,Fancie,Bricknall,fbricknall1y@squidoo.com,Female,108.50.131.198
72,Dennie,Bricklebank,dbricklebank1z@elegantthemes.com,Male,83.82.86.245
73,Trix,Clemont,tclemont20@netvibes.com,Genderqueer,55.169.155.22
74,Ingar,Blinder,iblinder21@quantcast.com,Male,131.4.212.24
75,Jamill,Bridywater,jbridywater22@dedecms.com,Male,93.38.111.102
76,Analise,Oventon,aoventon23@tinyurl.com,Female,3.146.115.176
77,Evie,Stapels,estapels24@prlog.org,Female,188.188.0.138
78,Gabey,Heiden,gheiden25@nasa.gov,Female,225.54.222.124
79,Andras,Skryne,askryne26@google.nl,Male,215.103.228.247
80,Billi,Karleman,bkarleman27@dailymotion.com,Female,222.92.3.230
81,Jennica,Clemo,jclemo28@fotki.com,Female,171.76.43.199
82,Klarrisa,Quodling,kquodling29@surveymonkey.com,Female,73.109.159.200
83,Berthe,Fairfoull,bfairfoull2a@cisco.com,Agender,48.171.174.65
84,Sheila-kathryn,Rembaud,srembaud2b@addtoany.com,Female,138.113.101.255
85,Dollie,Rampage,drampage2c@gov.uk,Non-binary,135.82.154.29
86,Suzanna,Pentecust,spentecust2d@nhs.uk,Female,33.164.219.103
87,Jennette,Franzoli,jfranzoli2e@weather.com,Female,182.154.31.200
88,Brennen,Elstone,belstone2f@gov.uk,Male,107.219.40.156
89,Arluene,Smartman,asmartman2g@networkadvertising.org,Female,49.200.36.36
90,Doralynne,Copnall,dcopnall2h@google.de,Female,157.22.62.86
91,Catriona,Astlet,castlet2i@indiegogo.com,Female,66.51.72.251
92,Jethro,Hordell,jhordell2j@fc2.com,Male,44.60.230.9
93,Christophe,Riolfi,criolfi2k@pagesperso-orange.fr,Male,165.127.146.61
94,Rori,Vedenisov,rvedenisov2l@slate.com,Female,126.36.247.255
95,Cyrus,Monget,cmonget2m@exblog.jp,Non-binary,165.137.25.43
96,Ricki,Warbys,rwarbys2n@ucsd.edu,Male,142.57.236.208
97,Adolph,Withnall,awithnall2o@utexas.edu,Male,65.94.168.17
98,Milt,Wesker,mwesker2p@google.de,Male,79.165.78.172
99,Rheta,Tames,rtames2q@soundcloud.com,Female,231.244.63.234
100,Burr,De la Feld,bdelafeld2r@npr.org,Male,50.143.195.205
101,Gilbertine,Moy,gmoy2s@goodreads.com,Female,190.227.151.187
102,Bailie,Simkovitz,bsimkovitz2t@unesco.org,Male,53.228.159.141
103,Fidelity,Bull,fbull2u@chron.com,Female,139.180.255.117
104,Fiona,Olivetti,folivetti2v@chicagotribune.com,Female,70.162.2.189
105,Judah,Gaskarth,jgaskarth2w@usnews.com,Male,50.25.155.159
106,Nichol,Giordano,ngiordano2x@phpbb.com,Female,205.8.5.233
107,Sly,Ianilli,sianilli2y@sun.com,Male,134.99.94.253
108,Opalina,Downgate,odowngate2z@hibu.com,Female,42.73.68.0
109,Gare,Chicco,gchicco30@virginia.edu,Male,15.192.94.45
110,Mommy,Biford,mbiford31@opensource.org,Female,209.226.132.209
111,Salomi,Rummings,srummings32@theatlantic.com,Female,0.116.64.12
112,Benny,Ghiriardelli,bghiriardelli33@nih.gov,Genderfluid,239.52.230.144
113,Aharon,Whanstall,awhanstall34@nsw.gov.au,Male,82.187.174.183
114,Lindsy,Marns,lmarns35@loc.gov,Female,159.210.78.197
115,Willette,Glastonbury,wglastonbury36@last.fm,Female,18.130.81.27
116,Dukie,Vasenkov,dvasenkov37@ovh.net,Male,142.159.56.125
117,Ignace,Waring,iwaring38@unc.edu,Male,131.247.96.225
118,Carolan,Canedo,ccanedo39@drupal.org,Female,129.155.77.49
119,Kassandra,Enevoldsen,kenevoldsen3a@virginia.edu,Female,207.151.89.255
120,Kerry,Vedenyapin,kvedenyapin3b@e-recht24.de,Female,229.189.177.206
121,Ashleigh,Legrice,alegrice3c@fastcompany.com,Female,71.5.13.54
122,Felizio,Scrivin,fscrivin3d@xing.com,Male,250.157.244.215
123,Carleen,Lambertini,clambertini3e@utexas.edu,Bigender,170.172.115.193
124,Johnnie,Butt,jbutt3f@domainmarket.com,Male,235.209.69.250
125,Puff,McClaughlin,pmcclaughlin3g@deviantart.com,Male,61.150.219.54
126,Peria,Woolforde,pwoolforde3h@ezinearticles.com,Female,0.216.41.219
127,Hendrik,Benallack,hbenallack3i@ebay.co.uk,Male,173.89.117.158
128,Kerry,Parry,kparry3j@newyorker.com,Female,146.212.153.140
129,Dorelle,Kubis,dkubis3k@sina.com.cn,Female,161.60.2.54
130,Ian,Endrighi,iendrighi3l@omniture.com,Male,195.231.168.196
131,Sherm,Bagott,sbagott3m@reverbnation.com,Genderqueer,237.88.226.251
132,Cordelie,Shakespear,cshakespear3n@prlog.org,Female,147.220.87.117
133,Nickolas,Roscoe,nroscoe3o@columbia.edu,Male,144.37.155.61
134,Katy,Durant,kdurant3p@people.com.cn,Female,118.155.134.7
135,Andrey,Giorgio,agiorgio3q@google.com.au,Male,86.200.221.191
136,Sigismundo,Bollis,sbollis3r@dailymail.co.uk,Male,160.227.146.226
137,Lilia,Steckings,lsteckings3s@seattletimes.com,Female,182.208.3.92
138,Justin,Forbes,jforbes3t@cam.ac.uk,Male,250.208.87.231
139,Dionysus,Di Franceschi,ddifranceschi3u@netscape.com,Male,142.93.110.24
140,Karyn,ducarme,kducarme3v@toplist.cz,Female,220.38.109.157
141,Tiffy,Jeffcoate,tjeffcoate3w@bing.com,Female,152.32.79.75
142,Kynthia,Baldack,kbaldack3x@surveymonkey.com,Genderfluid,118.203.235.218
143,Karlene,Cosgriff,kcosgriff3y@google.pl,Genderfluid,243.137.239.22
144,Gilberto,McGiveen,gmcgiveen3z@sogou.com,Male,84.88.11.23
145,Petronella,Sibson,psibson40@admin.ch,Female,69.170.23.211
146,Berti,Skerritt,bskerritt41@state.tx.us,Agender,245.21.28.199
147,Arabela,Moral,amoral42@scribd.com,Female,124.110.74.218
148,Beret,Bendtsen,bbendtsen43@wsj.com,Female,171.117.84.118
149,Margret,Davion,mdavion44@state.gov,Female,118.82.146.92
150,Haley,Sivess,hsivess45@squidoo.com,Non-binary,71.91.229.208
151,Mattias,Emm,memm46@discuz.net,Male,6.67.133.71
152,Hana,Pitcaithly,hpitcaithly47@dagondesign.com,Female,254.49.154.35
153,Lacie,Sharnock,lsharnock48@jiathis.com,Female,68.81.102.174
154,Ruttger,Botwright,rbotwright49@rambler.ru,Male,180.29.132.160
155,Tait,Searsby,tsearsby4a@guardian.co.uk,Male,238.194.139.80
156,Fredrick,Melvin,fmelvin4b@exblog.jp,Male,227.79.116.225
157,Lisabeth,Guillond,lguillond4c@stanford.edu,Female,208.43.76.136
158,Cirstoforo,Canape,ccanape4d@blogspot.com,Male,98.196.38.4
159,Amery,Martinho,amartinho4e@google.it,Male,30.152.251.181
160,Bell,Oates,boates4f@amazonaws.com,Female,62.146.204.1
161,Saxon,Belfelt,sbelfelt4g@simplemachines.org,Male,217.146.112.243
162,Flynn,Guys,fguys4h@house.gov,Bigender,199.81.59.230
163,Yule,Gavahan,ygavahan4i@dmoz.org,Male,195.88.205.32
164,Peta,Chesson,pchesson4j@loc.gov,Female,245.56.136.39
165,Ulick,Stallon,ustallon4k@pcworld.com,Male,19.159.124.226
166,Georgine,Rattenberie,grattenberie4l@pen.io,Polygender,158.66.140.234
167,Zed,Charles,zcharles4m@prweb.com,Male,38.88.61.36
168,Kaycee,Duckering,kduckering4n@un.org,Female,37.91.240.113
169,Lotty,Falkingham,lfalkingham4o@myspace.com,Female,128.102.236.239
170,Edie,McKerley,emckerley4p@example.com,Female,14.45.217.222
171,Dolorita,Doylend,ddoylend4q@pagesperso-orange.fr,Female,31.64.209.127
172,Spenser,Alabastar,salabastar4r@hexun.com,Male,21.206.119.173
173,Kelcey,Plumm,kplumm4s@cbslocal.com,Female,141.250.18.186
174,Selestina,Hathorn,shathorn4t@yellowpages.com,Female,123.200.109.19
175,Amargo,Grebner,agrebner4u@posterous.com,Female,57.231.88.4
176,Cosmo,Dreinan,cdreinan4v@usgs.gov,Male,57.210.136.150
177,Ado,Saddler,asaddler4w@time.com,Male,214.115.166.45
178,Odella,McCluskey,omccluskey4x@usatoday.com,Female,94.84.63.235
179,Gray,Banghe,gbanghe4y@oaic.gov.au,Female,52.175.9.174
180,Verne,Hollingshead,vhollingshead4z@slashdot.org,Male,37.211.123.163
181,Tally,Tanguy,ttanguy50@stanford.edu,Male,182.71.6.110
182,Collette,Halfhead,chalfhead51@wikipedia.org,Female,2.239.223.105
183,Millard,Reims,mreims52@sourceforge.net,Male,9.176.18.39
184,Clem,Wickersley,cwickersley53@statcounter.com,Male,136.104.187.241
185,Claudelle,Giorgioni,cgiorgioni54@examiner.com,Female,66.64.180.133
186,Stefanie,Pattlel,spattlel55@sourceforge.net,Female,29.233.187.58
187,Rois,Brisse,rbrisse56@digg.com,Genderfluid,209.84.129.37
188,Erik,Browncey,ebrowncey57@imgur.com,Male,14.49.35.124
189,Lalo,Origan,lorigan58@linkedin.com,Male,202.73.240.82
190,Anastasie,Reach,areach59@blogger.com,Polygender,173.97.104.132
191,Tallulah,Shemmin,tshemmin5a@cbc.ca,Female,19.39.43.117
192,Derek,Rubbens,drubbens5b@joomla.org,Male,173.77.21.100
193,Lurline,Crowcroft,lcrowcroft5c@friendfeed.com,Female,54.143.182.122
194,Alistair,McAreavey,amcareavey5d@ovh.net,Male,248.248.183.93
195,Bobina,Imloch,bimloch5e@ox.ac.uk,Female,27.73.154.191
196,Rudiger,Housego,rhousego5f@tamu.edu,Male,31.187.62.240
197,Richie,Botly,rbotly5g@baidu.com,Male,251.131.152.105
198,Guy,Allkins,gallkins5h@blogs.com,Male,161.36.92.168
199,Caryn,Bernardez,cbernardez5i@marriott.com,Female,60.198.208.89
200,Jamil,Chaperlin,jchaperlin5j@t.co,Male,3.106.79.117
201,Zilvia,Egglestone,zegglestone5k@ihg.com,Female,187.111.212.87
202,Lucina,Napthine,lnapthine5l@cdbaby.com,Bigender,91.151.59.18
203,Karna,Dundridge,kdundridge5m@live.com,Female,85.138.109.136
204,Lilyan,Merryman,lmerryman5n@irs.gov,Female,7.174.125.133
205,Beltran,Haselden,bhaselden5o@aboutads.info,Male,217.213.55.9
206,Ranee,Cornhill,rcornhill5p@homestead.com,Female,177.184.116.58
207,Lorelle,Loftie,lloftie5q@answers.com,Female,45.3.162.165
208,Caddric,Wyleman,cwyleman5r@bbc.co.uk,Male,100.30.137.63
209,Wallas,Verman,wverman5s@gmpg.org,Male,1.173.95.188
210,Chrisy,Richmond,crichmond5t@weebly.com,Male,244.156.11.206
211,Welby,Phelip,wphelip5u@infoseek.co.jp,Male,30.208.34.41
212,Kingston,Pourvoieur,kpourvoieur5v@ebay.co.uk,Male,248.221.110.164
213,Renato,Ebourne,rebourne5w@npr.org,Male,222.135.120.156
214,Ardine,Gilhouley,agilhouley5x@twitpic.com,Genderqueer,224.193.72.214
215,Alanson,Seamark,aseamark5y@oracle.com,Male,0.191.154.129
216,Averil,Race,arace5z@odnoklassniki.ru,Male,198.247.176.62
217,Gianina,Sliman,gsliman60@oaic.gov.au,Female,237.111.222.90
218,Jeffie,Novak,jnovak61@360.cn,Male,10.74.177.244
219,Celisse,Storks,cstorks62@hp.com,Female,213.191.65.246
220,Madelle,Shambrook,mshambrook63@exblog.jp,Female,103.246.170.103
221,Caryn,Meece,cmeece64@psu.edu,Female,136.186.14.44
222,Silvana,Magowan,smagowan65@tamu.edu,Female,95.152.7.162
223,Lilian,MacMenamy,lmacmenamy66@wsj.com,Female,135.254.234.160
224,Nonna,Jancy,njancy67@springer.com,Female,52.178.155.25
225,Mandel,Grzesiak,mgrzesiak68@wp.com,Male,31.38.119.29
226,Kora,Rizon,krizon69@jimdo.com,Female,43.100.167.251
227,Annabella,Kienl,akienl6a@ovh.net,Female,45.224.119.77
228,Sherline,Matten,smatten6b@twitter.com,Female,239.81.196.245
229,Benjamen,Vanns,bvanns6c@bloglines.com,Male,221.52.49.74
230,Una,Leicester,uleicester6d@harvard.edu,Female,167.142.169.86
231,Candide,Santos,csantos6e@harvard.edu,Female,93.125.147.155
232,Charity,Hymers,chymers6f@eventbrite.com,Female,129.53.247.136
233,Teodorico,Gallamore,tgallamore6g@hugedomains.com,Male,18.157.93.30
234,Vasily,Yashunin,vyashunin6h@dion.ne.jp,Polygender,134.210.239.166
235,Lorelei,Hennemann,lhennemann6i@yale.edu,Female,103.149.120.137
236,Berkley,Sandeman,bsandeman6j@technorati.com,Male,78.161.195.251
237,Jarad,Hubbis,jhubbis6k@goodreads.com,Male,210.10.211.195
238,Bryon,Dehm,bdehm6l@prlog.org,Male,58.165.155.219
239,Giselle,Rutledge,grutledge6m@sbwire.com,Female,95.240.1.223
240,Coraline,Mogra,cmogra6n@sphinn.com,Female,250.133.215.193
241,Henrietta,Shackleford,hshackleford6o@zimbio.com,Female,175.89.41.28
242,Bartolemo,Coghlin,bcoghlin6p@themeforest.net,Male,135.12.208.231
243,Candide,Gosland,cgosland6q@webeden.co.uk,Female,201.184.119.58
244,Emmett,Bentham3,ebentham6r@vistaprint.com,Male,92.42.86.79
245,Genni,Cummungs,gcummungs6s@bing.com,Female,255.52.141.97
246,Ariana,Roggero,aroggero6t@miibeian.gov.cn,Female,163.199.72.58
247,Margette,MacAiline,mmacailine6u@psu.edu,Female,42.246.28.237
248,Lexie,Etches,letches6v@behance.net,Female,123.21.20.64
249,Caldwell,Buckenham,cbuckenham6w@cornell.edu,Non-binary,250.97.188.222
250,Chickie,Pennuzzi,cpennuzzi6x@si.edu,Female,13.180.191.41
251,Paco,Olliver,polliver6y@apple.com,Male,36.3.219.18
252,Leontine,Pourveer,lpourveer6z@reference.com,Female,81.225.84.117
253,Claribel,Bladon,cbladon70@theguardian.com,Female,46.9.92.86
254,Arlen,Giamelli,agiamelli71@oakley.com,Male,131.50.69.233
255,Orella,Towll,otowll72@clickbank.net,Female,222.226.51.186
256,Alonzo,Firebrace,afirebrace73@soup.io,Male,19.83.0.68
257,Ferrel,Reddings,freddings74@alexa.com,Male,232.44.223.154
258,Kendre,Skill,kskill75@ning.com,Female,20.25.185.242
259,Sarah,Strethill,sstrethill76@cam.ac.uk,Female,239.224.210.145
260,Pepillo,Trenear,ptrenear77@indiegogo.com,Male,11.150.59.103
261,Floris,Hadkins,fhadkins78@youtube.com,Female,82.198.69.117
262,Emerson,Sodor,esodor79@behance.net,Male,28.157.16.79
263,Katine,Stag,kstag7a@a8.net,Bigender,122.134.165.187
264,Teodoor,Kingett,tkingett7b@pcworld.com,Male,101.219.107.141
265,Randene,Ilymanov,rilymanov7c@bigcartel.com,Female,190.108.13.226
266,Laird,Rawnsley,lrawnsley7d@dyndns.org,Male,181.85.84.103
267,Salvador,Ockendon,sockendon7e@goodreads.com,Male,68.66.188.30
268,Basilius,Neles,bneles7f@upenn.edu,Male,37.127.57.194
269,Casie,Old,cold7g@example.com,Non-binary,116.114.212.100
270,Benetta,Greenham,bgreenham7h@acquirethisname.com,Female,219.178.4.204
271,Cary,Praton,cpraton7i@chron.com,Female,232.100.108.112
272,Welby,Deave,wdeave7j@barnesandnoble.com,Male,71.102.31.245
273,Heinrick,McInerney,hmcinerney7k@rambler.ru,Male,160.19.238.249
274,Allan,Floris,afloris7l@walmart.com,Male,197.62.225.235
275,Gayel,Bault,gbault7m@google.com,Female,7.102.49.98
276,Douglass,Fautly,dfautly7n@alibaba.com,Male,22.224.131.45
277,Kaitlin,McFarlan,kmcfarlan7o@de.vu,Non-binary,212.107.232.59
278,Kevan,Rubinsztein,krubinsztein7p@alibaba.com,Male,14.152.229.97
279,Melisandra,Icom,micom7q@umich.edu,Female,130.79.198.74
280,Doroteya,Buscher,dbuscher7r@answers.com,Female,247.197.224.180
281,Loydie,Bortolazzi,lbortolazzi7s@nationalgeographic.com,Male,227.100.58.151
282,Camella,Abrahamsen,cabrahamsen7t@umich.edu,Female,30.154.191.133
283,Kerk,Pulster,kpulster7u@netvibes.com,Male,161.80.24.148
284,Isa,Penhalewick,ipenhalewick7v@netvibes.com,Female,150.10.169.4
285,Oliy,Hudleston,ohudleston7w@nymag.com,Female,103.253.110.91
286,Edie,Manes,emanes7x@skyrock.com,Female,162.92.50.105
287,Theressa,Busfield,tbusfield7y@chron.com,Female,106.249.214.22
288,Michaella,Calbreath,mcalbreath7z@mac.com,Female,3.234.16.221
289,Lanny,Hafner,lhafner80@mayoclinic.com,Male,161.88.122.40
290,Antonina,Skerme,askerme81@ovh.net,Female,181.124.169.203
291,Ferdinand,Gullefant,fgullefant82@trellian.com,Male,106.32.64.163
292,Stephanus,Sinden,ssinden83@bravesites.com,Male,111.153.22.171
293,Rosco,Urwin,rurwin84@pen.io,Male,177.109.60.104
294,Bianka,Doggett,bdoggett85@answers.com,Female,26.188.138.254
295,Emmit,Davet,edavet86@dropbox.com,Male,209.247.198.203
296,Kirsteni,Mechic,kmechic87@wsj.com,Female,160.17.90.117
297,Sherye,Markel,smarkel88@flickr.com,Female,160.85.249.117
298,Anne,Danzig,adanzig89@exblog.jp,Female,14.224.169.75
299,Casi,Hubbins,chubbins8a@wiley.com,Female,35.36.235.80
300,Elvis,Vasilchikov,evasilchikov8b@buzzfeed.com,Male,149.25.67.215
301,Marysa,Mahody,mmahody8c@harvard.edu,Agender,115.141.153.113
302,Wiley,Campanelle,wcampanelle8d@hc360.com,Male,99.114.14.150
303,Donnie,Keynd,dkeynd8e@list-manage.com,Male,121.158.212.136
304,Celestyn,Hasselby,chasselby8f@sciencedirect.com,Female,128.3.206.9
305,Dominik,Jeckell,djeckell8g@squidoo.com,Male,56.4.170.39
306,Clarice,Sindell,csindell8h@nbcnews.com,Female,227.215.116.193
307,Sherrie,Pepler,spepler8i@stumbleupon.com,Female,96.110.216.79
308,Orren,Richmond,orichmond8j@webs.com,Male,121.33.139.44
309,Marthe,Holde,mholde8k@icq.com,Female,240.130.192.8
310,Hermine,Bradick,hbradick8l@jiathis.com,Female,137.123.104.97
311,Fremont,Wimms,fwimms8m@i2i.jp,Male,101.155.162.51
312,Anastasia,Gapper,agapper8n@buzzfeed.com,Female,86.68.128.218
313,Griswold,Lumpkin,glumpkin8o@amazon.co.uk,Male,40.149.143.16
314,Orelia,Surphliss,osurphliss8p@github.com,Female,54.222.12.236
315,Freddie,Eede,feede8q@gnu.org,Male,253.94.248.182
316,Allina,Chelam,achelam8r@wired.com,Female,90.85.179.249
317,Der,Belderson,dbelderson8s@a8.net,Male,189.57.149.164
318,Karoline,Boorn,kboorn8t@rediff.com,Female,221.145.118.103
319,Vin,Somerlie,vsomerlie8u@cbslocal.com,Male,85.14.34.152
320,Tracee,Praundl,tpraundl8v@fastcompany.com,Female,63.239.190.79
321,Suzi,Agglio,sagglio8w@blogspot.com,Female,223.74.86.88
322,Geoffrey,Lepper,glepper8x@apple.com,Male,8.36.22.71
323,Keenan,Hindrich,khindrich8y@foxnews.com,Bigender,224.241.222.114
324,Kettie,Mounce,kmounce8z@nhs.uk,Female,250.171.165.243
325,Ertha,Stoakes,estoakes90@reverbnation.com,Female,165.173.231.115
326,Maurita,Vize,mvize91@storify.com,Female,137.216.170.149
327,Cassaundra,Tuddall,ctuddall92@adobe.com,Female,129.114.141.45
328,Berkley,Lovat,blovat93@deliciousdays.com,Male,146.39.196.214
329,Emma,Shalcros,eshalcros94@hostgator.com,Polygender,212.28.58.89
330,Hadrian,O'Brogan,hobrogan95@tripadvisor.com,Male,202.214.136.181
331,Silvio,Luchetti,sluchetti96@4shared.com,Male,247.100.128.6
332,Mirilla,Darch,mdarch97@addthis.com,Female,179.180.226.29
333,Vernon,de Leon,vdeleon98@loc.gov,Male,133.5.122.194
334,Mikey,Jeffreys,mjeffreys99@istockphoto.com,Male,163.238.101.7
335,Madonna,Tomini,mtomini9a@topsy.com,Female,198.243.99.23
336,Gideon,Sellors,gsellors9b@sbwire.com,Male,1.58.0.243
337,Launce,Mousley,lmousley9c@fema.gov,Male,29.7.152.51
338,Zorana,Eisikowitch,zeisikowitch9d@so-net.ne.jp,Female,32.37.47.86
339,Allyce,Gleave,agleave9e@fc2.com,Agender,109.137.112.210
340,Tymothy,Prinne,tprinne9f@spotify.com,Male,52.53.138.89
341,Josepha,O'Shevlan,joshevlan9g@paginegialle.it,Agender,91.110.7.57
342,Wes,Heggadon,wheggadon9h@wp.com,Male,200.2.143.13
343,Josias,Atthowe,jatthowe9i@alexa.com,Male,73.112.8.194
344,Jesselyn,Alessandrini,jalessandrini9j@ehow.com,Female,91.29.152.173
345,Trescha,Melburg,tmelburg9k@loc.gov,Female,72.35.158.218
346,Ardenia,Newbold,anewbold9l@indiegogo.com,Female,114.50.176.70
347,Joy,Opdenorth,jopdenorth9m@example.com,Female,243.149.75.191
348,Aline,Ghione,aghione9n@alexa.com,Genderqueer,143.246.137.241
349,Abigael,Baughen,abaughen9o@wordpress.com,Female,34.59.45.149
350,Jobye,Middiff,jmiddiff9p@kickstarter.com,Female,234.110.108.172
351,Emmie,Dysert,edysert9q@utexas.edu,Female,4.70.191.66
352,Gerome,Portsmouth,gportsmouth9r@blog.com,Male,24.247.133.129
353,Arney,McEttigen,amcettigen9s@parallels.com,Male,178.209.46.0
354,Vanya,Rosnau,vrosnau9t@spiegel.de,Male,5.7.70.221
355,Benyamin,Greenwell,bgreenwell9u@msu.edu,Male,109.123.192.254
356,Brad,Nesbitt,bnesbitt9v@1und1.de,Male,208.90.85.68
357,Thelma,Nassie,tnassie9w@drupal.org,Female,110.17.149.8
358,Sherline,Partlett,spartlett9x@paypal.com,Female,11.101.41.200
359,Audrey,Raphael,araphael9y@wufoo.com,Female,53.214.148.6
360,Emera,Chubb,echubb9z@google.ca,Female,30.134.30.114
361,Stepha,Mutter,smuttera0@reddit.com,Female,32.15.18.137
362,Chrisy,De La Coste,cdelacostea1@microsoft.com,Male,30.162.101.39
363,Malcolm,Lubomirski,mlubomirskia2@hugedomains.com,Male,64.180.141.68
364,Pavlov,McCrum,pmccruma3@artisteer.com,Male,84.172.80.188
365,Gregoire,Croker,gcrokera4@live.com,Male,97.11.105.214
366,Iago,Josovich,ijosovicha5@java.com,Male,41.255.254.74
367,Ogden,Wellman,owellmana6@usatoday.com,Male,39.214.57.209
368,Pavia,Landers,plandersa7@cdbaby.com,Female,38.248.43.199
369,Shayne,Bangs,sbangsa8@netvibes.com,Male,52.6.183.239
370,Neil,Brunning,nbrunninga9@blinklist.com,Male,226.123.214.184
371,Brose,Peet,bpeetaa@shop-pro.jp,Polygender,197.12.47.215
372,Johnathon,Nelm,jnelmab@woothemes.com,Male,223.134.42.145
373,Cristian,Kauffman,ckauffmanac@slashdot.org,Agender,170.39.138.110
374,Lezley,Huntall,lhuntallad@yahoo.co.jp,Male,209.59.176.222
375,Joby,Handslip,jhandslipae@goodreads.com,Female,159.156.18.37
376,Connie,Johanssen,cjohanssenaf@over-blog.com,Male,28.208.143.5
377,Blondelle,Yeskov,byeskovag@free.fr,Female,7.170.116.8
378,Shannon,Mellanby,smellanbyah@vk.com,Female,24.239.243.135
379,Ardeen,Genicke,agenickeai@sciencedaily.com,Non-binary,243.246.230.190
380,Melony,Stirley,mstirleyaj@dropbox.com,Female,68.94.240.18
381,Jilleen,Tommeo,jtommeoak@hugedomains.com,Female,120.151.178.194
382,Avivah,Swaite,aswaiteal@chron.com,Female,82.179.244.182
383,Ham,Langstone,hlangstoneam@surveymonkey.com,Male,11.15.88.78
384,Tildy,Bartkowiak,tbartkowiakan@webnode.com,Female,229.112.203.89
385,Eydie,Janman,ejanmanao@imdb.com,Female,16.80.218.176
386,Benita,Houlworth,bhoulworthap@imageshack.us,Female,163.48.158.134
387,Jojo,Morley,jmorleyaq@domainmarket.com,Female,118.156.68.2
388,Maynord,Kighly,mkighlyar@usa.gov,Male,130.60.213.231
389,Rivkah,Lundon,rlundonas@clickbank.net,Female,151.13.149.160
390,Jeanna,Tommasuzzi,jtommasuzziat@xrea.com,Female,64.196.117.164
391,Roy,Lynch,rlynchau@irs.gov,Male,19.59.136.74
392,Mendie,Munn,mmunnav@blog.com,Male,123.42.2.189
393,Teodora,Raggett,traggettaw@geocities.com,Female,62.19.0.73
394,Yankee,Kyffin,ykyffinax@unc.edu,Male,247.66.223.241
395,Barde,Holcroft,bholcroftay@ning.com,Male,122.177.187.246
396,Florina,Guiet,fguietaz@free.fr,Female,67.125.144.178
397,Jasmina,Rarity,jrarityb0@1und1.de,Female,80.114.11.44
398,Paula,McGeffen,pmcgeffenb1@yellowpages.com,Female,229.150.102.16
399,Val,Ullock,vullockb2@walmart.com,Male,203.108.166.169
400,Trixie,Yerlett,tyerlettb3@miitbeian.gov.cn,Female,32.66.249.236
401,Del,Cowlam,dcowlamb4@netscape.com,Male,182.141.35.56
402,Cookie,Veeler,cveelerb5@china.com.cn,Female,17.219.254.91
403,Gibbie,Moylan,gmoylanb6@biblegateway.com,Male,107.149.69.1
404,Boycey,Sigfrid,bsigfridb7@ed.gov,Male,106.102.123.59
405,Bogart,Chessill,bchessillb8@princeton.edu,Male,75.29.120.142
406,Caryl,Dunnet,cdunnetb9@mayoclinic.com,Male,139.18.115.146
407,Beckie,Weymont,bweymontba@google.co.jp,Bigender,112.173.143.228
408,Genovera,Fee,gfeebb@weibo.com,Female,249.13.63.153
409,Skye,Durrell,sdurrellbc@ow.ly,Male,176.247.121.67
410,Waylen,Maysor,wmaysorbd@army.mil,Male,122.99.219.191
411,Celle,Tipperton,ctippertonbe@state.tx.us,Female,168.104.88.114
412,Jess,Skin,jskinbf@cbc.ca,Bigender,185.139.180.148
413,Gabriele,Domelaw,gdomelawbg@webnode.com,Male,250.246.31.60
414,Brant,Troup,btroupbh@cafepress.com,Male,125.107.35.225
415,Sherie,Goring,sgoringbi@wunderground.com,Female,117.29.73.100
416,Olga,Dykes,odykesbj@edublogs.org,Female,106.215.89.219
417,Deborah,Bygreaves,dbygreavesbk@webmd.com,Female,67.217.193.23
418,Holly,Munkton,hmunktonbl@nifty.com,Female,226.133.46.186
419,Candra,Vanyatin,cvanyatinbm@hhs.gov,Female,154.178.221.68
420,Christoph,Gilston,cgilstonbn@cnn.com,Male,49.195.202.243
421,Codie,McKernon,cmckernonbo@economist.com,Polygender,216.116.249.95
422,Dermot,Edmead,dedmeadbp@feedburner.com,Male,43.112.245.118
423,Gerti,Sedger,gsedgerbq@de.vu,Female,192.115.228.161
424,Gertrud,Grinham,ggrinhambr@gmpg.org,Female,170.192.229.61
425,Annissa,Lukasik,alukasikbs@cpanel.net,Female,103.76.14.224
426,Lilian,Golsby,lgolsbybt@weebly.com,Female,21.35.175.171
427,Thor,Gault,tgaultbu@arizona.edu,Male,146.133.219.193
428,Louisa,Heinonen,lheinonenbv@time.com,Female,63.124.201.56
429,Kenna,Wakeling,kwakelingbw@tinypic.com,Female,166.140.104.126
430,Erroll,Manners,emannersbx@ft.com,Male,209.52.93.185
431,Alfredo,Klinck,aklinckby@surveymonkey.com,Male,223.6.126.209
432,Worthy,Hadwick,whadwickbz@plala.or.jp,Male,201.74.206.32
433,Arielle,Peret,aperetc0@twitter.com,Female,5.155.44.227
434,Vernen,Threadgold,vthreadgoldc1@squarespace.com,Male,110.184.237.136
435,Kathie,Takkos,ktakkosc2@harvard.edu,Female,29.78.123.151
436,Helena,Gotch,hgotchc3@alexa.com,Female,36.34.240.161
437,Micheal,Lightwood,mlightwoodc4@1688.com,Non-binary,111.17.90.116
438,Cosme,Habercham,chaberchamc5@google.it,Male,41.186.94.175
439,Lilla,Rapelli,lrapellic6@acquirethisname.com,Female,76.156.170.87
440,Gunner,Brambell,gbrambellc7@fotki.com,Male,30.19.89.197
441,Mela,Frackiewicz,mfrackiewiczc8@mashable.com,Female,120.200.92.126
442,Goldi,Oldacre,goldacrec9@vinaora.com,Female,8.221.246.187
443,Vitia,Wayne,vwayneca@symantec.com,Non-binary,150.100.122.160
444,Emalia,Botten,ebottencb@cloudflare.com,Genderfluid,52.38.125.171
445,Munmro,Jemmett,mjemmettcc@sun.com,Male,129.254.128.195
446,Gweneth,Graeser,ggraesercd@indiatimes.com,Genderqueer,220.70.154.248
447,Frank,Carn,fcarnce@lulu.com,Female,63.204.165.37
448,Farlie,Kinforth,fkinforthcf@biblegateway.com,Male,119.12.179.12
449,Elke,Borland,eborlandcg@engadget.com,Female,0.205.146.112
450,Carine,Iacobetto,ciacobettoch@sun.com,Female,242.237.201.75
451,Stephani,Dugood,sdugoodci@multiply.com,Female,144.100.128.251
452,De witt,Fane,dfanecj@pen.io,Male,124.180.54.246
453,Ange,Szubert,aszubertck@constantcontact.com,Male,67.119.103.161
454,Adrien,McSweeney,amcsweeneycl@technorati.com,Male,95.167.176.129
455,Fulton,Palfree,fpalfreecm@eventbrite.com,Male,188.146.105.86
456,Jaquenetta,Blackall,jblackallcn@icq.com,Bigender,173.230.194.136
457,Cirillo,Norquay,cnorquayco@livejournal.com,Male,154.151.28.241
458,Price,Gaiter,pgaitercp@vk.com,Male,27.128.121.150
459,Barr,Shimon,bshimoncq@elpais.com,Agender,193.124.219.79
460,Mathe,Greatbank,mgreatbankcr@engadget.com,Male,46.74.142.71
461,Dorise,MacGilmartin,dmacgilmartincs@weather.com,Female,105.215.118.145
462,Sheffy,Yandle,syandlect@gnu.org,Non-binary,149.185.135.105
463,Jimmie,Mollitt,jmollittcu@dmoz.org,Male,237.130.160.65
464,Olive,Semiras,osemirascv@free.fr,Genderfluid,128.22.108.235
465,Gabriela,Gasson,ggassoncw@addtoany.com,Female,137.42.10.227
466,Aland,Sallows,asallowscx@berkeley.edu,Male,106.227.188.5
467,Mair,Peniello,mpeniellocy@nps.gov,Female,36.40.179.117
468,Bearnard,Lodge,blodgecz@tiny.cc,Male,49.74.40.230
469,Lidia,Melesk,lmeleskd0@nifty.com,Female,197.134.90.201
470,Antin,Bernaldo,abernaldod1@microsoft.com,Male,198.20.88.105
471,Creighton,Ellershaw,cellershawd2@ebay.com,Male,112.17.48.179
472,Pat,Shoutt,pshouttd3@biglobe.ne.jp,Male,45.27.52.243
473,Tabby,Villa,tvillad4@timesonline.co.uk,Male,12.98.192.44
474,Caryl,Gaitone,cgaitoned5@ted.com,Female,11.47.111.152
475,Thibaut,Hemeret,themeretd6@barnesandnoble.com,Male,45.108.51.195
476,Viviyan,Gorhardt,vgorhardtd7@noaa.gov,Female,208.198.207.229
477,Rita,Hay,rhayd8@com.com,Female,220.226.84.208
478,Jilli,Jimmison,jjimmisond9@t-online.de,Female,101.81.242.165
479,Shirline,Daughtry,sdaughtryda@about.com,Female,106.193.57.219
480,Anthia,Carletti,acarlettidb@miitbeian.gov.cn,Female,236.150.39.56
481,Raffaello,Fuster,rfusterdc@ft.com,Male,111.127.88.160
482,Davidde,Piff,dpiffdd@mozilla.com,Male,85.78.219.238
483,Stacee,Buey,sbueyde@plala.or.jp,Female,231.58.181.112
484,Darrel,Hartwell,dhartwelldf@slate.com,Male,243.200.29.74
485,Wolfie,Blanchflower,wblanchflowerdg@usatoday.com,Male,109.98.89.26
486,Susannah,Thomton,sthomtondh@guardian.co.uk,Female,152.196.166.62
487,Easter,Cadden,ecaddendi@illinois.edu,Female,178.117.42.1
488,Isaiah,Scrowby,iscrowbydj@bing.com,Male,93.62.250.197
489,Alane,Crampton,acramptondk@elegantthemes.com,Female,174.86.233.23
490,Latisha,Gittoes,lgittoesdl@cmu.edu,Genderfluid,28.166.47.149
491,Anastasia,Martinec,amartinecdm@comsenz.com,Female,78.194.128.242
492,Sharai,Peers,speersdn@t-online.de,Female,135.56.130.82
493,Orlando,Sandercock,osandercockdo@msu.edu,Male,54.248.195.98
494,Gabie,Hows,ghowsdp@apache.org,Male,228.31.165.134
495,Gustavo,Hallor,ghallordq@spiegel.de,Male,148.150.39.25
496,Maddy,Abrahamovitz,mabrahamovitzdr@linkedin.com,Male,77.195.84.112
497,Edee,Derrett,ederrettds@chronoengine.com,Female,240.60.231.247
498,Elysha,Mangon,emangondt@over-blog.com,Female,224.137.198.215
499,Wilie,Greenacre,wgreenacredu@friendfeed.com,Female,207.4.149.130
500,Shalna,Wren,swrendv@narod.ru,Genderqueer,120.152.136.64
501,Reece,Cowern,rcowerndw@rakuten.co.jp,Male,13.181.104.222
502,Linet,McCaster,lmccasterdx@gizmodo.com,Female,52.175.219.155
503,Buffy,Swaite,bswaitedy@hostgator.com,Female,103.135.169.65
504,Roth,Crosio,rcrosiodz@cmu.edu,Male,141.149.118.0
505,Kathe,Tomczynski,ktomczynskie0@so-net.ne.jp,Female,27.173.177.22
506,Shay,Pithie,spithiee1@pen.io,Male,139.74.66.80
507,Dina,Osmon,dosmone2@nytimes.com,Female,133.203.16.172
508,Jodi,Spurdle,jspurdlee3@amazon.com,Male,233.186.152.213
509,Clerc,Caddick,ccaddicke4@angelfire.com,Male,206.202.24.137
510,Linnea,Gaddas,lgaddase5@prlog.org,Female,151.92.137.105
511,Reuben,Aikman,raikmane6@jigsy.com,Male,248.229.78.73
512,Alicia,Lidington,alidingtone7@examiner.com,Female,251.17.137.38
513,Virginia,Schimaschke,vschimaschkee8@noaa.gov,Female,81.93.54.24
514,Joice,Balf,jbalfe9@nbcnews.com,Female,178.180.19.140
515,Phillida,Demaid,pdemaidea@guardian.co.uk,Female,214.155.118.167
516,Cordell,Cockin,ccockineb@columbia.edu,Male,46.155.75.47
517,Avrit,Milne,amilneec@wufoo.com,Female,219.9.185.121
518,Saw,Filimore,sfilimoreed@redcross.org,Male,126.172.249.231
519,Octavius,Hinge,ohingeee@51.la,Male,9.199.4.56
520,Maurise,Strettell,mstrettellef@ftc.gov,Female,80.84.38.87
521,Martelle,Barton,mbartoneg@dailymotion.com,Female,30.139.201.255
522,Rhodie,Lamprey,rlampreyeh@uiuc.edu,Female,169.225.116.157
523,Waylan,Shubotham,wshubothamei@latimes.com,Male,27.164.177.93
524,Levin,Skehens,lskehensej@friendfeed.com,Genderqueer,68.207.225.141
525,Chlo,Siddele,csiddeleek@qq.com,Female,99.40.231.35
526,Gisele,Rallings,grallingsel@goo.gl,Female,55.118.215.179
527,Shawna,Chaperlin,schaperlinem@delicious.com,Female,64.207.92.115
528,Kathryne,Crickett,kcricketten@symantec.com,Female,227.148.59.61
529,Roley,Eagle,reagleeo@wired.com,Male,57.191.137.104
530,Kristel,Sall,ksallep@parallels.com,Female,42.219.36.217
531,Aimil,Kassidy,akassidyeq@huffingtonpost.com,Female,125.48.35.182
532,Angelia,Kerner,akernerer@constantcontact.com,Non-binary,209.37.3.42
533,Daniela,McNeachtain,dmcneachtaines@springer.com,Female,112.66.64.144
534,Jody,Hegarty,jhegartyet@dagondesign.com,Male,9.224.67.127
535,Averil,Colles,acolleseu@hp.com,Female,158.198.211.137
536,Bibbie,Ebbotts,bebbottsev@etsy.com,Female,53.183.95.12
537,Wheeler,Bernardot,wbernardotew@ocn.ne.jp,Non-binary,44.228.185.180
538,Marilee,Fehners,mfehnersex@baidu.com,Female,180.58.166.104
539,Kim,Chumley,kchumleyey@macromedia.com,Female,162.120.235.15
540,Cynthy,Munkton,cmunktonez@amazonaws.com,Female,162.211.64.146
541,Angeline,Salvadore,asalvadoref0@noaa.gov,Female,44.107.144.117
542,Sancho,Murison,smurisonf1@scientificamerican.com,Male,158.33.19.140
543,Rock,Elner,relnerf2@storify.com,Male,47.34.15.155
544,Giustino,Orsman,gorsmanf3@taobao.com,Male,25.166.3.193
545,Ferris,Llorente,fllorentef4@rediff.com,Male,209.149.225.105
546,Dwayne,Polglase,dpolglasef5@51.la,Male,17.35.96.241
547,Leonhard,Garnsworthy,lgarnsworthyf6@loc.gov,Male,152.62.219.186
548,Stoddard,Dundridge,sdundridgef7@nps.gov,Female,196.254.2.128
549,Millie,Girdwood,mgirdwoodf8@clickbank.net,Female,62.127.189.66
550,Sheree,Spellecy,sspellecyf9@usa.gov,Female,240.104.141.150
551,Nolie,Given,ngivenfa@unc.edu,Female,203.233.39.143
552,Cross,Pioli,cpiolifb@tripod.com,Male,10.47.250.162
553,Elissa,Sunnex,esunnexfc@accuweather.com,Female,230.15.70.131
554,Leelah,Stanyland,lstanylandfd@phoca.cz,Genderfluid,62.128.249.11
555,Gregorius,McPhee,gmcpheefe@prnewswire.com,Male,148.228.144.118
556,Devina,Bontein,dbonteinff@wisc.edu,Female,69.238.91.163
557,Bamby,Bisley,bbisleyfg@last.fm,Female,56.81.65.38
558,Ewell,Berthelmot,eberthelmotfh@wunderground.com,Male,239.138.115.187
559,Jobi,Ounsworth,jounsworthfi@google.cn,Female,108.143.140.49
560,Mose,Morriss,mmorrissfj@purevolume.com,Male,124.217.53.130
561,Antonie,Nevison,anevisonfk@mayoclinic.com,Female,146.49.228.102
562,Milli,Mapson,mmapsonfl@wisc.edu,Female,124.255.142.91
563,Alvera,Katte,akattefm@jalbum.net,Female,228.59.175.238
564,Cathleen,Cammacke,ccammackefn@spiegel.de,Female,11.236.74.164
565,Kimberlee,Alves,kalvesfo@icq.com,Female,7.188.41.168
566,Nilson,Fitzsymon,nfitzsymonfp@washington.edu,Male,52.154.18.92
567,Tannie,Abisetti,tabisettifq@surveymonkey.com,Male,73.153.170.19
568,Rodney,Gwilt,rgwiltfr@behance.net,Male,141.166.108.32
569,Packston,Hynam,phynamfs@uol.com.br,Male,143.77.137.143
570,Derick,Iacovozzo,diacovozzoft@tripod.com,Male,11.158.74.106
571,Lionel,Greatrex,lgreatrexfu@utexas.edu,Male,42.51.153.72
572,Brenden,Moyler,bmoylerfv@feedburner.com,Male,199.167.15.209
573,Gael,Sugg,gsuggfw@amazon.com,Male,46.169.228.103
574,Katlin,Basil,kbasilfx@diigo.com,Female,10.74.62.100
575,Diahann,Haydney,dhaydneyfy@cam.ac.uk,Polygender,241.37.210.81
576,Christoffer,Iacovini,ciacovinifz@uiuc.edu,Male,229.28.35.66
577,Shamus,Ambridge,sambridgeg0@mozilla.com,Agender,211.60.212.251
578,Shaylynn,MacAndreis,smacandreisg1@photobucket.com,Female,245.80.67.180
579,Man,Piesing,mpiesingg2@51.la,Male,156.33.100.179
580,Meredith,Healings,mhealingsg3@nps.gov,Female,131.115.81.74
581,Benson,Churms,bchurmsg4@goodreads.com,Male,200.156.62.31
582,Querida,Evennett,qevennettg5@independent.co.uk,Female,83.127.78.191
583,Roscoe,Gimblet,rgimbletg6@techcrunch.com,Non-binary,13.219.195.209
584,Win,Rozenzweig,wrozenzweigg7@elegantthemes.com,Male,212.19.228.27
585,Purcell,Wrathmell,pwrathmellg8@mail.ru,Male,17.168.239.87
586,Sigfried,Winspeare,swinspeareg9@guardian.co.uk,Polygender,5.25.61.224
587,Nina,Kielt,nkieltga@sina.com.cn,Agender,212.57.213.136
588,Elfrieda,Rabier,erabiergb@tmall.com,Female,32.14.44.64
589,Lurlene,McTrustam,lmctrustamgc@is.gd,Female,152.255.25.175
590,Kirk,Shropshire,kshropshiregd@cloudflare.com,Male,234.54.120.227
591,Morris,Bernasek,mbernasekge@nbcnews.com,Male,35.148.50.144
592,Tarah,Edwin,tedwingf@columbia.edu,Female,118.231.123.192
593,Lois,Beteriss,lbeterissgg@shinystat.com,Female,211.176.7.177
594,Abby,Engelmann,aengelmanngh@dailymail.co.uk,Male,78.209.46.156
595,Clareta,Heale,chealegi@imageshack.us,Female,17.199.52.151
596,Clovis,Jahnig,cjahniggj@cam.ac.uk,Female,84.221.250.99
597,Johnny,Dumbarton,jdumbartongk@yale.edu,Male,180.222.129.218
598,Selie,Swalowe,sswalowegl@ifeng.com,Female,251.100.160.211
599,Gabrielle,Mattin,gmattingm@redcross.org,Female,77.105.216.160
600,Elvyn,Kettlewell,ekettlewellgn@house.gov,Male,148.214.21.95
601,Phoebe,Nattrass,pnattrassgo@barnesandnoble.com,Female,254.72.202.88
602,Guillaume,Hyslop,ghyslopgp@elegantthemes.com,Male,112.98.226.66
603,Ezechiel,Dunkerly,edunkerlygq@joomla.org,Male,82.221.72.199
604,Brietta,Pigeram,bpigeramgr@gizmodo.com,Female,57.25.204.212
605,Leontine,Charker,lcharkergs@craigslist.org,Female,162.53.49.242
606,Dicky,Pahlsson,dpahlssongt@ebay.co.uk,Male,249.227.242.145
607,Jennie,Bowdler,jbowdlergu@china.com.cn,Female,175.1.193.105
608,Flory,Stibbs,fstibbsgv@com.com,Male,70.165.33.241
609,Osgood,Dyett,odyettgw@ebay.com,Male,151.120.224.4
610,Parsifal,Hurcombe,phurcombegx@unicef.org,Male,150.252.241.193
611,Suzanna,Lynagh,slynaghgy@dot.gov,Female,126.255.61.178
612,Faith,Pedycan,fpedycangz@dmoz.org,Non-binary,161.175.253.176
613,Ilse,McPaike,imcpaikeh0@imdb.com,Female,161.218.216.224
614,Jacki,Ugolotti,jugolottih1@spiegel.de,Female,8.81.179.147
615,Elaine,Josephsen,ejosephsenh2@skyrock.com,Female,192.153.29.233
616,Dyanne,Stowe,dstoweh3@stumbleupon.com,Female,223.144.143.0
617,Sheila,Fullicks,sfullicksh4@so-net.ne.jp,Female,35.68.193.55
618,Erda,Muirden,emuirdenh5@shop-pro.jp,Agender,7.107.241.246
619,Mace,Popelay,mpopelayh6@rediff.com,Bigender,99.107.254.215
620,Henriette,Cheater,hcheaterh7@slate.com,Non-binary,172.14.44.227
621,Bobbie,Reboul,breboulh8@digg.com,Male,232.242.63.6
622,Sammy,Ingle,singleh9@soundcloud.com,Genderfluid,188.37.101.7
623,Pauly,Tongue,ptongueha@posterous.com,Male,173.49.165.78
624,Nixie,Pourvoieur,npourvoieurhb@meetup.com,Female,129.216.167.103
625,Lori,Georgelin,lgeorgelinhc@gizmodo.com,Female,128.245.31.29
626,Ronny,Waite,rwaitehd@cloudflare.com,Male,176.14.1.39
627,Almeria,Hankey,ahankeyhe@ucoz.com,Female,182.3.69.54
628,Floyd,Clamp,fclamphf@rambler.ru,Male,126.152.107.77
629,Al,Phillcock,aphillcockhg@spiegel.de,Non-binary,191.76.202.18
630,Russell,Chestnutt,rchestnutthh@spotify.com,Male,220.72.76.70
631,Indira,Hannaford,ihannafordhi@thetimes.co.uk,Female,102.25.247.19
632,Terencio,Umpleby,tumplebyhj@ovh.net,Male,23.146.101.152
633,Alexandros,Frantz,afrantzhk@yelp.com,Male,249.184.153.87
634,Damita,Borsnall,dborsnallhl@simplemachines.org,Bigender,243.51.49.156
635,Gordy,Jeannin,gjeanninhm@symantec.com,Male,67.20.216.121
636,Waldon,Cleminson,wcleminsonhn@is.gd,Male,200.62.116.108
637,Renee,McElvogue,rmcelvogueho@taobao.com,Female,174.196.251.213
638,Fionnula,Lambswood,flambswoodhp@slashdot.org,Female,201.39.167.85
639,Edgar,Patman,epatmanhq@reverbnation.com,Male,18.65.158.43
640,Ford,Jaqueme,fjaquemehr@blog.com,Male,1.96.102.50
641,Wallache,Torrese,wtorresehs@paginegialle.it,Male,123.167.38.9
642,Stafani,Sloam,ssloamht@prlog.org,Female,216.192.181.114
643,Oswald,Jovey,ojoveyhu@ucla.edu,Genderqueer,191.68.127.78
644,Hobard,Alsford,halsfordhv@amazon.co.uk,Male,105.240.36.228
645,Jo,Sherrott,jsherrotthw@msu.edu,Agender,253.208.78.44
646,Brenn,Maevela,bmaevelahx@bloglovin.com,Female,96.92.198.136
647,Evita,Barratt,ebarratthy@prweb.com,Female,4.135.157.230
648,Dud,Wigginton,dwiggintonhz@trellian.com,Male,195.2.119.200
649,Claudianus,Gittens,cgittensi0@newsvine.com,Male,143.144.10.60
650,Ursuline,Currey,ucurreyi1@businesswire.com,Female,85.213.185.155
651,Ollie,Redsell,oredselli2@unicef.org,Female,44.62.135.23
652,Pooh,Himsworth,phimsworthi3@elpais.com,Male,157.49.53.110
653,Chevalier,Arnout,carnouti4@ovh.net,Male,215.12.108.81
654,Howey,Whaplington,hwhaplingtoni5@elegantthemes.com,Male,53.148.89.240
655,Laurel,Marre,lmarrei6@alibaba.com,Genderqueer,172.174.102.27
656,Mary,Basezzi,mbasezzii7@dailymotion.com,Female,128.150.211.252
657,Erick,Abbatt,eabbatti8@nba.com,Bigender,7.170.72.161
658,Kariotta,Swadlin,kswadlini9@cloudflare.com,Female,80.68.139.231
659,Chadwick,Hrinchenko,chrinchenkoia@pen.io,Male,89.99.143.35
660,Mae,Vennard,mvennardib@sbwire.com,Genderfluid,127.168.65.31
661,Paolina,Tarbard,ptarbardic@t.co,Female,242.232.205.236
662,Lauren,Pride,lprideid@engadget.com,Male,32.150.19.24
663,Rahal,Larcombe,rlarcombeie@sciencedirect.com,Female,57.203.110.245
664,Constantin,Bleakley,cbleakleyif@wufoo.com,Male,185.242.20.141
665,Tarrance,Gounod,tgounodig@mail.ru,Male,91.137.42.36
666,Hubey,Crippill,hcrippillih@seesaa.net,Male,112.103.253.15
667,Scarlett,Sparham,ssparhamii@cisco.com,Female,16.197.168.255
668,Maxi,Miles,mmilesij@nationalgeographic.com,Genderfluid,66.163.89.202
669,Jill,Nafzger,jnafzgerik@netvibes.com,Female,105.221.84.218
670,Delmor,Clew,dclewil@dailymail.co.uk,Male,34.201.93.255
671,Terence,De Giovanni,tdegiovanniim@barnesandnoble.com,Male,123.13.225.102
672,Alix,Shory,ashoryin@go.com,Male,116.176.192.141
673,Calypso,Kovnot,ckovnotio@drupal.org,Female,2.69.98.238
674,Octavius,Gozney,ogozneyip@google.fr,Male,33.8.237.230
675,Mabelle,Gwillim,mgwillimiq@nationalgeographic.com,Female,222.189.25.12
676,Randolph,Naismith,rnaismithir@sciencedirect.com,Male,213.66.108.20
677,Taryn,Orrah,torrahis@cisco.com,Female,110.224.1.220
678,Luis,Vibert,lvibertit@mail.ru,Male,218.120.46.136
679,Cesar,Dancey,cdanceyiu@howstuffworks.com,Male,243.1.179.66
680,Juliann,Beaushaw,jbeaushawiv@unc.edu,Genderfluid,69.186.184.147
681,Lexine,Killner,lkillneriw@marketwatch.com,Female,200.207.216.172
682,Cazzie,Leyden,cleydenix@boston.com,Male,57.0.232.86
683,Trix,Grayshon,tgrayshoniy@51.la,Female,26.174.164.116
684,Crissie,Kytter,ckytteriz@mozilla.org,Female,150.27.210.225
685,Martina,Cutsforth,mcutsforthj0@utexas.edu,Female,75.197.77.185
686,Helyn,Yanson,hyansonj1@deliciousdays.com,Female,13.231.4.37
687,Dwain,McCollum,dmccollumj2@statcounter.com,Male,174.38.222.46
688,Rosemarie,Camillo,rcamilloj3@godaddy.com,Female,166.41.248.240
689,Garrek,McGilben,gmcgilbenj4@blogs.com,Male,197.19.55.54
690,Tedman,Seeger,tseegerj5@oracle.com,Male,29.173.105.191
691,Tallulah,Dillaway,tdillawayj6@comcast.net,Female,187.80.128.161
692,Ora,Zavattero,ozavatteroj7@tripadvisor.com,Female,152.225.65.120
693,Maurizia,Das,mdasj8@adobe.com,Female,69.121.7.190
694,Valeria,Norheny,vnorhenyj9@go.com,Female,69.241.155.137
695,Gus,Sarson,gsarsonja@tuttocitta.it,Female,220.63.8.249
696,Shelia,Maylott,smaylottjb@pcworld.com,Agender,92.42.157.240
697,Alison,Eisikowitz,aeisikowitzjc@live.com,Female,6.74.91.55
698,Colette,Eddisford,ceddisfordjd@google.pl,Female,0.225.98.63
699,Elnar,Abad,eabadje@over-blog.com,Male,245.173.51.129
700,Adrian,Loney,aloneyjf@blogtalkradio.com,Male,195.188.235.116
701,Matilde,Enga,mengajg@goo.ne.jp,Female,247.17.107.111
702,Pattin,Del Dello,pdeldellojh@google.co.uk,Male,21.89.149.234
703,Rodolfo,Bossons,rbossonsji@goo.gl,Male,35.211.72.185
704,Maxim,Dukelow,mdukelowjj@webmd.com,Male,27.20.49.39
705,Timmy,Savidge,tsavidgejk@addthis.com,Male,137.155.252.124
706,Cash,Khristoforov,ckhristoforovjl@tuttocitta.it,Polygender,103.206.40.179
707,Lynn,Castagne,lcastagnejm@usa.gov,Male,151.146.111.15
708,Shena,Servante,sservantejn@yolasite.com,Female,163.138.179.151
709,Ringo,Lodevick,rlodevickjo@unc.edu,Male,208.151.97.156
710,Wells,Gaishson,wgaishsonjp@google.it,Male,156.202.79.197
711,Myrna,Mallock,mmallockjq@rambler.ru,Female,17.117.132.193
712,Gregoire,Sikorsky,gsikorskyjr@acquirethisname.com,Male,218.121.60.57
713,Ewen,Keveren,ekeverenjs@feedburner.com,Polygender,71.30.166.144
714,Johnath,Stonehouse,jstonehousejt@cisco.com,Female,166.85.67.178
715,Dianna,Shepherd,dshepherdju@ucoz.ru,Genderfluid,180.203.71.232
716,Penni,Byrth,pbyrthjv@dailymotion.com,Female,118.82.160.78
717,Orazio,Dillimore,odillimorejw@wordpress.org,Male,221.202.205.187
718,Bill,Righy,brighyjx@si.edu,Male,49.52.180.101
719,William,Lanfare,wlanfarejy@narod.ru,Male,68.15.106.96
720,Chaunce,Samper,csamperjz@mit.edu,Male,182.206.136.54
721,Donnie,Wingrove,dwingrovek0@fotki.com,Female,134.155.171.35
722,Tania,Dannohl,tdannohlk1@psu.edu,Female,24.136.205.143
723,Hobart,Gilluley,hgilluleyk2@yandex.ru,Male,83.126.20.65
724,Anita,Mardling,amardlingk3@last.fm,Female,80.255.20.144
725,Eddy,Miles,emilesk4@shinystat.com,Male,198.173.18.213
726,Callean,McGrill,cmcgrillk5@dailymotion.com,Male,142.89.235.251
727,Kenyon,Fazackerley,kfazackerleyk6@indiatimes.com,Male,95.165.143.66
728,Saudra,Guiot,sguiotk7@state.tx.us,Female,235.58.141.110
729,Ody,Billitteri,obillitterik8@gravatar.com,Male,204.119.195.238
730,Frazier,Tunna,ftunnak9@alibaba.com,Male,4.143.14.252
731,Sibyl,Maddra,smaddraka@squidoo.com,Male,18.166.31.33
732,Everard,Fenney,efenneykb@cornell.edu,Male,205.5.133.209
733,Maggi,Dorran,mdorrankc@thetimes.co.uk,Female,138.56.53.158
734,Leonard,O'Gormley,logormleykd@biblegateway.com,Male,41.17.138.184
735,Billie,Eyers,beyerske@sitemeter.com,Male,127.230.227.233
736,Bartlett,Thay,bthaykf@home.pl,Male,251.234.236.51
737,Ode,Lockhurst,olockhurstkg@macromedia.com,Male,94.32.10.57
738,Mace,Vernall,mvernallkh@cnbc.com,Male,160.8.237.99
739,Alonzo,Gymlett,agymlettki@cnbc.com,Male,245.223.69.214
740,Nina,Taffie,ntaffiekj@jugem.jp,Female,101.162.251.225
741,Inglis,MacGall,imacgallkk@npr.org,Male,98.244.167.95
742,Lida,Gibbin,lgibbinkl@google.ca,Female,151.28.16.54
743,Bernie,Pettwood,bpettwoodkm@nba.com,Male,214.145.205.57
744,Alexis,McMains,amcmainskn@noaa.gov,Male,241.78.115.51
745,Tildi,Daugherty,tdaughertyko@blogspot.com,Female,54.143.128.189
746,Charlotta,Evelyn,cevelynkp@symantec.com,Female,41.94.58.25
747,Anabel,Billie,abilliekq@walmart.com,Female,159.47.79.17
748,Deina,Cahey,dcaheykr@imdb.com,Female,175.134.53.150
749,Renado,Gave,rgaveks@weather.com,Male,152.53.23.234
750,Rhody,Toll,rtollkt@senate.gov,Female,12.177.130.73
751,Nicoline,Gobeau,ngobeauku@dropbox.com,Non-binary,56.43.111.170
752,Caterina,Whitehouse,cwhitehousekv@answers.com,Agender,183.235.202.144
753,Sandy,Pietzke,spietzkekw@google.cn,Female,106.147.114.4
754,Burtie,Lindenblatt,blindenblattkx@clickbank.net,Male,187.3.90.110
755,Krista,Swash,kswashky@mac.com,Female,246.85.25.177
756,Mady,Abrahm,mabrahmkz@macromedia.com,Female,10.162.44.191
757,Andra,Wiz,awizl0@state.tx.us,Female,2.166.186.44
758,Armin,Darragon,adarragonl1@t.co,Male,74.255.248.98
759,Greta,Pym,gpyml2@barnesandnoble.com,Female,226.57.81.108
760,Meade,De Luna,mdelunal3@cnet.com,Male,225.55.240.157
761,Layne,Lunt,lluntl4@example.com,Bigender,222.100.120.171
762,Lauren,MacCafferky,lmaccafferkyl5@forbes.com,Male,228.28.150.191
763,Quill,Thring,qthringl6@businesswire.com,Male,57.185.158.39
764,Sarita,Pirelli,spirellil7@zdnet.com,Female,72.125.213.148
765,Marcelo,Lyal,mlyall8@whitehouse.gov,Male,221.79.244.8
766,Mickie,Flieger,mfliegerl9@hc360.com,Male,185.69.85.228
767,Cherey,Leads,cleadsla@ox.ac.uk,Female,69.9.68.62
768,Hector,Hawthorn,hhawthornlb@angelfire.com,Male,129.198.102.250
769,Gaile,Tenant,gtenantlc@howstuffworks.com,Male,231.41.211.226
770,Cecelia,Yong,cyongld@blogtalkradio.com,Female,51.174.218.133
771,Germana,Dienes,gdienesle@msu.edu,Female,245.130.229.44
772,Emera,Shelp,eshelplf@hao123.com,Female,182.225.195.145
773,Kania,Rudge,krudgelg@networksolutions.com,Female,125.156.46.92
774,Clevey,Ruslin,cruslinlh@goo.gl,Male,145.150.220.92
775,Antoni,Warrilow,awarrilowli@bing.com,Male,73.177.234.140
776,Eldin,Drinkhill,edrinkhilllj@go.com,Bigender,16.15.181.137
777,Farrand,Chiechio,fchiechiolk@umich.edu,Female,54.18.64.132
778,Josy,Mooney,jmooneyll@ehow.com,Female,86.24.97.163
779,Thadeus,Worcs,tworcslm@example.com,Male,82.165.101.168
780,Dulcine,Stewart,dstewartln@vk.com,Female,53.238.213.223
781,Pace,Colmer,pcolmerlo@csmonitor.com,Male,114.196.201.236
782,Jacques,Altree,jaltreelp@imgur.com,Male,12.178.41.126
783,Celene,Feeny,cfeenylq@shutterfly.com,Female,167.19.174.197
784,Ezequiel,McKenney,emckenneylr@google.com,Male,27.196.182.181
785,Annemarie,Crowther,acrowtherls@desdev.cn,Female,93.195.13.0
786,Amie,Le Fevre,alefevrelt@cdbaby.com,Female,43.227.62.57
787,Schuyler,Mannix,smannixlu@businessweek.com,Male,80.5.43.192
788,Leopold,Noblet,lnobletlv@mozilla.org,Male,134.186.92.234
789,Jereme,Renne,jrennelw@bing.com,Male,31.210.231.252
790,Emlynn,Matzke,ematzkelx@dagondesign.com,Female,115.78.250.205
791,Nadiya,Latliff,nlatliffly@answers.com,Female,38.251.23.155
792,Spence,Korba,skorbalz@diigo.com,Male,46.36.169.101
793,Che,Lunny,clunnym0@zdnet.com,Male,216.132.97.31
794,Bobbe,Filtness,bfiltnessm1@cdc.gov,Female,198.223.107.196
795,Coralyn,Corryer,ccorryerm2@merriam-webster.com,Bigender,67.164.1.152
796,Arnold,Teodorski,ateodorskim3@constantcontact.com,Male,182.98.237.17
797,Reinhard,Guillond,rguillondm4@topsy.com,Male,245.198.96.215
798,Rodolph,Shugg,rshuggm5@symantec.com,Male,210.66.206.255
799,Maurizia,Rutigliano,mrutiglianom6@npr.org,Female,233.236.130.244
800,Misty,Zemler,mzemlerm7@dion.ne.jp,Agender,72.253.211.126
801,Howey,Shekle,hsheklem8@unesco.org,Male,70.55.84.173
802,Jeannie,Ginner,jginnerm9@livejournal.com,Female,130.68.179.59
803,Toddy,Bethell,tbethellma@whitehouse.gov,Male,38.93.166.183
804,Cathrin,Brugh,cbrughmb@gizmodo.com,Female,185.235.163.249
805,Tyne,Dagworthy,tdagworthymc@naver.com,Genderqueer,225.253.34.197
806,Mufi,Spaducci,mspaduccimd@hostgator.com,Polygender,174.98.127.123
807,Ainslie,McTurley,amcturleyme@ameblo.jp,Female,101.98.167.88
808,Barbee,Strowthers,bstrowthersmf@163.com,Female,79.31.195.74
809,Ashla,Trye,atryemg@alexa.com,Female,171.86.90.234
810,Ambrose,Titman,atitmanmh@de.vu,Male,89.170.239.38
811,Catina,Sainsberry,csainsberrymi@globo.com,Female,1.123.164.13
812,Bondie,Sandiland,bsandilandmj@paginegialle.it,Male,73.128.204.216
813,Man,Filochov,mfilochovmk@wiley.com,Male,9.181.57.60
814,Chalmers,Walkinshaw,cwalkinshawml@statcounter.com,Male,72.178.17.197
815,Kelcey,Yakhin,kyakhinmm@msn.com,Female,134.129.116.203
816,Errick,Goodee,egoodeemn@webeden.co.uk,Male,232.203.153.179
817,Dan,Davion,ddavionmo@tmall.com,Male,6.179.59.184
818,Emilio,Sharratt,esharrattmp@blogtalkradio.com,Male,11.54.177.20
819,Nicol,Dallemore,ndallemoremq@chron.com,Male,133.247.146.208
820,Donny,Grunnill,dgrunnillmr@statcounter.com,Female,49.103.57.67
821,Wally,Hewins,whewinsms@mayoclinic.com,Polygender,167.5.219.88
822,Gladys,Dearden,gdeardenmt@reverbnation.com,Female,45.55.131.59
823,Stephana,Walsh,swalshmu@cornell.edu,Female,185.0.90.50
824,Jessi,Lievesley,jlievesleymv@kickstarter.com,Non-binary,50.38.84.198
825,Yardley,McGuggy,ymcguggymw@joomla.org,Polygender,192.191.66.213
826,Micheline,O'Towey,motoweymx@linkedin.com,Genderqueer,115.89.112.170
827,Townie,Howbrook,thowbrookmy@wix.com,Male,127.28.52.136
828,Cordi,See,cseemz@comcast.net,Genderfluid,151.88.138.234
829,Lorelei,Henzer,lhenzern0@xrea.com,Female,3.90.203.20
830,Joellen,Burmingham,jburminghamn1@reference.com,Female,94.192.221.195
831,Chet,Tenwick,ctenwickn2@google.co.uk,Male,132.124.24.129
832,Cortie,Mote,cmoten3@alibaba.com,Male,62.230.104.168
833,Ranique,Murrock,rmurrockn4@craigslist.org,Female,241.9.230.28
834,Kippar,Fradgley,kfradgleyn5@flavors.me,Male,9.50.41.41
835,Rudd,Barenski,rbarenskin6@columbia.edu,Male,36.63.51.71
836,Dacey,Gettone,dgettonen7@reddit.com,Female,213.48.194.108
837,Nissie,Kiddye,nkiddyen8@cnn.com,Non-binary,223.22.177.47
838,Deirdre,Greensite,dgreensiten9@netlog.com,Female,165.227.148.243
839,Benjy,Stump,bstumpna@earthlink.net,Male,105.66.26.252
840,Rafael,Calven,rcalvennb@skype.com,Male,123.24.133.62
841,Iolanthe,Briatt,ibriattnc@woothemes.com,Female,234.192.67.207
842,Monte,Stepto,msteptond@e-recht24.de,Male,107.63.111.165
843,Vaclav,Boerderman,vboerdermanne@smh.com.au,Male,137.223.207.77
844,Peg,Gianinotti,pgianinottinf@dailymotion.com,Female,90.79.148.165
845,Torrin,O'Shaughnessy,toshaughnessyng@whitehouse.gov,Male,29.1.207.90
846,Cariotta,Sanzio,csanzionh@alibaba.com,Female,243.59.6.17
847,Wilden,Moulster,wmoulsterni@shinystat.com,Male,49.205.175.136
848,Donnamarie,Keyhoe,dkeyhoenj@hibu.com,Female,210.185.135.151
849,Lance,Sherwell,lsherwellnk@ow.ly,Male,20.174.236.39
850,Denny,Huttley,dhuttleynl@pcworld.com,Female,125.239.143.212
851,Angil,Greenrodd,agreenroddnm@slideshare.net,Female,199.205.97.248
852,Flss,Daglish,fdaglishnn@timesonline.co.uk,Female,197.124.231.71
853,Siward,Babst,sbabstno@nba.com,Male,179.5.126.191
854,Sumner,Broun,sbrounnp@berkeley.edu,Male,195.138.202.196
855,Silvano,Cranefield,scranefieldnq@purevolume.com,Bigender,118.65.99.59
856,Loren,Somerscales,lsomerscalesnr@gmpg.org,Male,83.220.185.219
857,Jennette,Witterick,jwitterickns@xinhuanet.com,Female,217.3.220.96
858,Jarrad,Vamplus,jvamplusnt@illinois.edu,Male,23.72.27.142
859,Joly,Guye,jguyenu@jugem.jp,Agender,63.33.97.137
860,Grove,Menichillo,gmenichillonv@dyndns.org,Male,149.71.247.222
861,Damaris,Burgher,dburghernw@ocn.ne.jp,Female,3.52.129.122
862,Syman,Dayer,sdayernx@amazon.co.jp,Male,237.50.33.89
863,Beatriz,Tunnacliffe,btunnacliffeny@jalbum.net,Female,47.211.228.101
864,Eduardo,Grabeham,egrabehamnz@weebly.com,Male,217.132.90.245
865,Shannon,Seabright,sseabrighto0@sakura.ne.jp,Non-binary,209.105.39.189
866,Evered,MacAvddy,emacavddyo1@theguardian.com,Male,149.8.154.173
867,Haskel,Brason,hbrasono2@ca.gov,Male,71.32.6.215
868,Currey,Bambrick,cbambricko3@reuters.com,Male,214.254.74.252
869,Filbert,Goodman,fgoodmano4@blinklist.com,Non-binary,17.199.204.242
870,Kathye,Jacobsz,kjacobszo5@buzzfeed.com,Female,105.225.59.9
871,Rosanna,Ibanez,ribanezo6@prweb.com,Female,176.78.152.119
872,Bendick,Whelband,bwhelbando7@lycos.com,Male,187.245.12.233
873,Shea,Marzella,smarzellao8@w3.org,Male,184.31.1.11
874,Camilla,Preedy,cpreedyo9@ning.com,Female,219.162.172.238
875,Darcie,Krishtopaittis,dkrishtopaittisoa@spiegel.de,Female,177.109.86.233
876,Lyndsay,Anand,lanandob@fc2.com,Female,90.136.50.227
877,Noe,Pelham,npelhamoc@t-online.de,Male,58.68.12.24
878,Nelson,Clackers,nclackersod@weebly.com,Male,85.122.10.89
879,Didi,Lauritsen,dlauritsenoe@ucla.edu,Female,225.2.35.64
880,Carina,Bugs,cbugsof@answers.com,Female,84.24.124.55
881,Tamarra,Keetley,tkeetleyog@wunderground.com,Polygender,246.37.15.42
882,Linnie,Mountstephen,lmountstephenoh@soup.io,Female,183.187.162.20
883,Celle,Tremayne,ctremayneoi@about.me,Female,68.174.169.175
884,Darda,Cuell,dcuelloj@gravatar.com,Female,148.111.75.163
885,Lee,Wolstencroft,lwolstencroftok@ucoz.com,Male,31.26.74.123
886,La verne,Milland,lmillandol@harvard.edu,Female,88.43.7.214
887,Daisie,Bulfield,dbulfieldom@google.it,Female,143.173.196.218
888,Clayborne,Girvan,cgirvanon@blogger.com,Male,60.190.25.128
889,Ario,Thames,athamesoo@ebay.com,Male,253.31.237.228
890,Lynne,Sheerin,lsheerinop@usda.gov,Female,135.163.61.81
891,Trish,Eyes,teyesoq@spiegel.de,Female,44.232.219.192
892,Wynnie,Gillivrie,wgillivrieor@opera.com,Female,78.244.154.53
893,Clevie,Coot,ccootos@dailymail.co.uk,Male,146.76.26.77
894,Modesta,Isley,misleyot@ehow.com,Female,170.36.188.71
895,Randie,Gerriets,rgerrietsou@auda.org.au,Female,7.175.162.232
896,Dieter,Speek,dspeekov@mayoclinic.com,Male,32.216.182.124
897,Etheline,Pacher,epacherow@phpbb.com,Agender,205.26.66.52
898,Marcelle,Cordingley,mcordingleyox@nyu.edu,Agender,130.19.94.114
899,Charlotte,Catford,ccatfordoy@yale.edu,Female,97.239.193.224
900,Feliks,Greenstreet,fgreenstreetoz@intel.com,Male,13.147.102.220
901,Trisha,Cakes,tcakesp0@cyberchimps.com,Female,110.196.74.28
902,Galen,Kondrachenko,gkondrachenkop1@yellowbook.com,Male,105.103.73.59
903,Galen,Edgworth,gedgworthp2@netvibes.com,Male,55.46.103.32
904,Hewie,Castellucci,hcastelluccip3@facebook.com,Male,5.74.144.16
905,Winthrop,Dayley,wdayleyp4@vinaora.com,Male,232.180.237.204
906,Nicola,Heatlie,nheatliep5@howstuffworks.com,Male,251.57.183.184
907,Brigida,Halesworth,bhalesworthp6@gnu.org,Female,23.147.87.33
908,Benoit,Ayer,bayerp7@intel.com,Male,253.156.232.80
909,Madonna,McGenis,mmcgenisp8@jugem.jp,Female,25.23.0.235
910,Alexandra,Meech,ameechp9@eepurl.com,Female,151.176.155.126
911,Illa,Knapper,iknapperpa@ox.ac.uk,Genderfluid,190.40.42.147
912,Jermaine,Pacher,jpacherpb@dot.gov,Genderfluid,225.247.124.237
913,Kathryn,Stoffler,kstofflerpc@instagram.com,Female,222.180.160.50
914,Tuck,Ratt,trattpd@skyrock.com,Male,154.151.171.107
915,Amandi,Touhig,atouhigpe@gnu.org,Female,59.88.2.233
916,Enrique,Lansly,elanslypf@themeforest.net,Genderfluid,230.189.224.169
917,Estella,Thornley,ethornleypg@ibm.com,Female,87.112.251.213
918,Spike,Mingey,smingeyph@scribd.com,Male,250.62.61.239
919,Delmor,Kettle,dkettlepi@reddit.com,Bigender,13.0.14.240
920,Rolph,Sydenham,rsydenhampj@usatoday.com,Male,231.198.165.252
921,Delcina,Justis,djustispk@dedecms.com,Female,215.51.194.242
922,Buiron,Klulik,bklulikpl@tripod.com,Male,149.189.201.69
923,Anthia,Pandya,apandyapm@livejournal.com,Female,111.63.122.142
924,Helenka,Albiston,halbistonpn@usda.gov,Female,43.151.18.2
925,Julian,Oakinfold,joakinfoldpo@csmonitor.com,Male,203.253.62.88
926,Leda,Jacquemet,ljacquemetpp@yellowpages.com,Female,248.207.35.242
927,Jermaine,Kelk,jkelkpq@netscape.com,Male,207.93.110.221
928,Perry,Corington,pcoringtonpr@bandcamp.com,Male,228.51.171.186
929,Friederike,Rickett,frickettps@marketwatch.com,Female,44.40.226.165
930,Bobina,Elphey,belpheypt@cbslocal.com,Female,13.186.139.6
931,Osmond,Tibbles,otibblespu@china.com.cn,Male,46.129.184.40
932,Marcelo,Jorczyk,mjorczykpv@spotify.com,Male,13.201.253.210
933,Giacomo,Bartosek,gbartosekpw@networksolutions.com,Male,139.166.133.60
934,Rollie,McGaugey,rmcgaugeypx@studiopress.com,Male,129.184.249.126
935,Whittaker,Latehouse,wlatehousepy@ezinearticles.com,Male,22.243.241.234
936,Nadine,Riggs,nriggspz@wp.com,Genderqueer,76.226.63.134
937,Meghann,Iamittii,miamittiiq0@engadget.com,Female,68.194.91.50
938,Darrell,Catterell,dcatterellq1@instagram.com,Male,0.184.155.129
939,Kelley,Ayscough,kayscoughq2@dagondesign.com,Female,27.106.141.79
940,Andrei,Fleisch,afleischq3@cmu.edu,Genderfluid,217.182.111.110
941,Marcie,Dahler,mdahlerq4@mashable.com,Female,173.16.187.81
942,Ludvig,Folbigg,lfolbiggq5@mlb.com,Male,60.80.142.171
943,Willi,Gensavage,wgensavageq6@chronoengine.com,Female,97.244.215.102
944,Artie,Pearcey,apearceyq7@tumblr.com,Male,168.84.193.10
945,Henka,Overstreet,hoverstreetq8@ocn.ne.jp,Female,132.190.55.204
946,Essy,Baudassi,ebaudassiq9@senate.gov,Female,153.177.236.96
947,Guillema,Cowderoy,gcowderoyqa@woothemes.com,Female,111.26.30.19
948,Goober,Burgne,gburgneqb@pbs.org,Male,253.140.67.122
949,Brig,Breckwell,bbreckwellqc@usa.gov,Male,82.209.57.31
950,Cullan,Chalk,cchalkqd@skyrock.com,Male,227.146.18.152
951,Ardra,Demanche,ademancheqe@cdbaby.com,Female,170.164.0.15
952,Bekki,Girvin,bgirvinqf@wikia.com,Female,203.84.40.168
953,Hugo,Couchman,hcouchmanqg@phpbb.com,Male,143.10.40.247
954,Jessey,Brownsworth,jbrownsworthqh@canalblog.com,Male,220.182.180.220
955,Rustie,O'Sirin,rosirinqi@auda.org.au,Male,95.226.247.136
956,Ab,Lyness,alynessqj@reverbnation.com,Male,240.183.188.126
957,Laural,Renault,lrenaultqk@bigcartel.com,Female,208.69.161.18
958,Adham,Tod,atodql@netscape.com,Male,103.233.64.26
959,Henderson,Scobbie,hscobbieqm@dedecms.com,Male,75.139.20.26
960,Frazier,Ciardo,fciardoqn@exblog.jp,Male,211.43.179.162
961,Agneta,Yakhin,ayakhinqo@senate.gov,Female,198.38.178.219
962,Gasper,McKyrrelly,gmckyrrellyqp@un.org,Male,187.55.212.192
963,Bernadene,Brodnecke,bbrodneckeqq@drupal.org,Female,200.60.13.36
964,Vanessa,Ricks,vricksqr@liveinternet.ru,Female,183.26.253.201
965,Sergei,Fryer,sfryerqs@trellian.com,Male,181.160.43.171
966,Lauri,Sloan,lsloanqt@alexa.com,Female,232.60.35.166
967,Eveline,Cumine,ecuminequ@nba.com,Female,212.155.128.247
968,West,Craxford,wcraxfordqv@icio.us,Male,66.248.183.232
969,Judi,Dunbleton,jdunbletonqw@simplemachines.org,Female,124.148.150.169
970,Sarajane,Kryszkiecicz,skryszkieciczqx@ted.com,Female,158.46.102.96
971,Newton,Dollard,ndollardqy@people.com.cn,Male,35.89.94.91
972,Burg,Pember,bpemberqz@ed.gov,Male,157.91.249.214
973,Roch,Romney,rromneyr0@gizmodo.com,Female,204.225.181.42
974,Alex,Kolczynski,akolczynskir1@list-manage.com,Male,224.185.169.139
975,Matelda,Scarffe,mscarffer2@jalbum.net,Female,65.207.233.209
976,Elnora,Cabera,ecaberar3@comcast.net,Female,216.188.200.254
977,Jesselyn,Esslemont,jesslemontr4@zimbio.com,Female,96.142.24.218
978,Filbert,Orgill,forgillr5@illinois.edu,Male,23.74.150.48
979,Waring,Tippett,wtippettr6@about.com,Male,242.5.50.100
980,Edi,Allsopp,eallsoppr7@ning.com,Female,7.229.48.223
981,Herrick,Pirouet,hpirouetr8@mashable.com,Male,138.105.2.25
982,Tedi,Camble,tcambler9@apple.com,Female,40.232.147.121
983,Hersch,Enston,henstonra@bloglovin.com,Male,118.120.166.68
984,Eward,Mulroy,emulroyrb@google.ca,Male,254.198.39.187
985,Scot,Bridgestock,sbridgestockrc@tuttocitta.it,Male,116.19.61.223
986,Melinda,Blamey,mblameyrd@bravesites.com,Female,201.113.72.217
987,Cherey,Glas,cglasre@sun.com,Female,6.197.226.192
988,Jeremy,Leeuwerink,jleeuwerinkrf@histats.com,Genderqueer,122.41.135.102
989,Marshal,Brosini,mbrosinirg@tripod.com,Male,71.50.150.124
990,Constantin,Tabram,ctabramrh@webeden.co.uk,Male,78.222.199.45
991,Kerri,Guillerman,kguillermanri@usatoday.com,Female,86.49.71.147
992,Andrei,Antoons,aantoonsrj@prweb.com,Bigender,4.62.157.190
993,Torrey,Cisec,tcisecrk@abc.net.au,Male,75.29.52.32
994,Mireille,Boldt,mboldtrl@marketwatch.com,Female,167.245.111.119
995,Toby,Allman,tallmanrm@java.com,Male,188.76.186.62
996,Burt,Dummigan,bdummiganrn@nymag.com,Male,232.234.230.37
997,Babs,Haylands,bhaylandsro@comsenz.com,Female,14.4.239.120
998,Noby,Knudsen,nknudsenrp@jimdo.com,Male,128.243.244.38
999,Gael,Nequest,gnequestrq@symantec.com,Female,42.145.87.224
1000,Aurelie,Giacovazzo,agiacovazzorr@csmonitor.com,Genderqueer,1.33.134.211
